Workbook

Sheet Month 1
A1: 44958
A2: Day | B2: Date | C2: Time | D2: Topic | E2: Copy | F2: Pinterest | G2: Facebook | H2: Instagram | I2: Links | J2: Notes | K2: Images | L2: Hashtags
A3: Week 1
A4: =B4 -> 44958 | B4: =A1 -> 44958 | F4: FALSE | G4: FALSE | H4: FALSE
A5: =B5 -> 44959 | B5: =B4+1 -> 44959 | F5: FALSE | G5: FALSE | H5: FALSE
A6: =B6 -> 44960 | B6: =B5+1 -> 44960 | F6: FALSE | G6: FALSE | H6: FALSE
A7: =B7 -> 44961 | B7: =B6+1 -> 44961 | F7: FALSE | G7: FALSE | H7: FALSE
A8: =B8 -> 44962 | B8: =B7+1 -> 44962 | F8: FALSE | G8: FALSE | H8: FALSE
A9: =B9 -> 44963 | B9: =B8+1 -> 44963 | F9: FALSE | G9: FALSE | H9: FALSE
A10: =B10 -> 44964 | B10: =B9+1 -> 44964 | F10: FALSE | G10: FALSE | H10: FALSE
A11: Week 2
A12: =B12 -> 44965 | B12: =B10+1 -> 44965 | F12: FALSE | G12: FALSE | H12: FALSE
A13: =B13 -> 44966 | B13: =B12+1 -> 44966 | F13: FALSE | G13: FALSE | H13: FALSE
A14: =B14 -> 44967 | B14: =B13+1 -> 44967 | F14: FALSE | G14: FALSE | H14: FALSE
A15: =B15 -> 44968 | B15: =B14+1 -> 44968 | F15: FALSE | G15: FALSE | H15: FALSE
A16: =B16 -> 44969 | B16: =B15+1 -> 44969 | F16: FALSE | G16: FALSE | H16: FALSE
A17: =B17 -> 44970 | B17: =B16+1 -> 44970 | F17: FALSE | G17: FALSE | H17: FALSE
A18: =B18 -> 44971 | B18: =B17+1 -> 44971 | F18: FALSE | G18: FALSE | H18: FALSE
A19: Week 3
A20: =B20 -> 44972 | B20: =B18+1 -> 44972 | F20: FALSE | G20: FALSE | H20: FALSE
A21: =B21 -> 44973 | B21: =B20+1 -> 44973 | F21: FALSE | G21: FALSE | H21: FALSE
A22: =B22 -> 44974 | B22: =B21+1 -> 44974 | F22: FALSE | G22: FALSE | H22: FALSE
A23: =B23 -> 44975 | B23: =B22+1 -> 44975 | F23: FALSE | G23: FALSE | H23: FALSE
A24: =B24 -> 44976 | B24: =B23+1 -> 44976 | F24: FALSE | G24: FALSE | H24: FALSE
A25: =B25 -> 44977 | B25: =B24+1 -> 44977 | F25: FALSE | G25: FALSE | H25: FALSE
A26: =B26 -> 44978 | B26: =B25+1 -> 44978 | F26: FALSE | G26: FALSE | H26: FALSE
A27: Week 4
A28: =B28 -> 44979 | B28: =B26+1 -> 44979 | F28: FALSE | G28: FALSE | H28: FALSE
A29: =B29 -> 44980 | B29: =B28+1 -> 44980 | F29: FALSE | G29: FALSE | H29: FALSE
A30: =B30 -> 44981 | B30: =B29+1 -> 44981 | F30: FALSE | G30: FALSE | H30: FALSE
A31: =B31 -> 44982 | B31: =B30+1 -> 44982 | F31: FALSE | G31: FALSE | H31: FALSE
A32: =B32 -> 44983 | B32: =B31+1 -> 44983 | F32: FALSE | G32: FALSE | H32: FALSE
A33: =B33 -> 44984 | B33: =B32+1 -> 44984 | F33: FALSE | G33: FALSE | H33: FALSE
A34: =B34 -> 44985 | B34: =B33+1 -> 44985 | F34: FALSE | G34: FALSE | H34: FALSE
A35: Week 5
A36: =B36 -> 44986 | B36: =B34+1 -> 44986 | F36: FALSE | G36: FALSE | H36: FALSE
A37: =B37 -> 44987 | B37: =B36+1 -> 44987 | F37: FALSE | G37: FALSE | H37: FALSE
A38: =B38 -> 44988 | B38: =B37+1 -> 44988 | F38: FALSE | G38: FALSE | H38: FALSE

Sheet Month 2
A1: =EDATE('Month 1'!A1,1) -> 44986
A2: Day | B2: Date | C2: Time | D2: Topic | E2: Copy | F2: Pinterest | G2: Facebook | H2: Instagram | I2: Links | J2: Notes | K2: Images | L2: Hashtags
A3: Week 1
A4: =B4 -> 44986 | B4: =A1 -> 44986 | F4: FALSE | G4: FALSE | H4: FALSE
A5: =B5 -> 44987 | B5: =B4+1 -> 44987 | F5: FALSE | G5: FALSE | H5: FALSE
A6: =B6 -> 44988 | B6: =B5+1 -> 44988 | F6: FALSE | G6: FALSE | H6: FALSE
A7: =B7 -> 44989 | B7: =B6+1 -> 44989 | F7: FALSE | G7: FALSE | H7: FALSE
A8: =B8 -> 44990 | B8: =B7+1 -> 44990 | F8: FALSE | G8: FALSE | H8: FALSE
A9: =B9 -> 44991 | B9: =B8+1 -> 44991 | F9: FALSE | G9: FALSE | H9: FALSE
A10: =B10 -> 44992 | B10: =B9+1 -> 44992 | F10: FALSE | G10: FALSE | H10: FALSE
A11: Week 2
A12: =B12 -> 44993 | B12: =B10+1 -> 44993 | F12: FALSE | G12: FALSE | H12: FALSE
A13: =B13 -> 44994 | B13: =B12+1 -> 44994 | F13: FALSE | G13: FALSE | H13: FALSE
A14: =B14 -> 44995 | B14: =B13+1 -> 44995 | F14: FALSE | G14: FALSE | H14: FALSE
A15: =B15 -> 44996 | B15: =B14+1 -> 44996 | F15: FALSE | G15: FALSE | H15: FALSE
A16: =B16 -> 44997 | B16: =B15+1 -> 44997 | F16: FALSE | G16: FALSE | H16: FALSE
A17: =B17 -> 44998 | B17: =B16+1 -> 44998 | F17: FALSE | G17: FALSE | H17: FALSE
A18: =B18 -> 44999 | B18: =B17+1 -> 44999 | F18: FALSE | G18: FALSE | H18: FALSE
A19: Week 3
A20: =B20 -> 45000 | B20: =B18+1 -> 45000 | F20: FALSE | G20: FALSE | H20: FALSE
A21: =B21 -> 45001 | B21: =B20+1 -> 45001 | F21: FALSE | G21: FALSE | H21: FALSE
A22: =B22 -> 45002 | B22: =B21+1 -> 45002 | F22: FALSE | G22: FALSE | H22: FALSE
A23: =B23 -> 45003 | B23: =B22+1 -> 45003 | F23: FALSE | G23: FALSE | H23: FALSE
A24: =B24 -> 45004 | B24: =B23+1 -> 45004 | F24: FALSE | G24: FALSE | H24: FALSE
A25: =B25 -> 45005 | B25: =B24+1 -> 45005 | F25: FALSE | G25: FALSE | H25: FALSE
A26: =B26 -> 45006 | B26: =B25+1 -> 45006 | F26: FALSE | G26: FALSE | H26: FALSE
A27: Week 4
A28: =B28 -> 45007 | B28: =B26+1 -> 45007 | F28: FALSE | G28: FALSE | H28: FALSE
A29: =B29 -> 45008 | B29: =B28+1 -> 45008 | F29: FALSE | G29: FALSE | H29: FALSE
A30: =B30 -> 45009 | B30: =B29+1 -> 45009 | F30: FALSE | G30: FALSE | H30: FALSE
A31: =B31 -> 45010 | B31: =B30+1 -> 45010 | F31: FALSE | G31: FALSE | H31: FALSE
A32: =B32 -> 45011 | B32: =B31+1 -> 45011 | F32: FALSE | G32: FALSE | H32: FALSE
A33: =B33 -> 45012 | B33: =B32+1 -> 45012 | F33: FALSE | G33: FALSE | H33: FALSE
A34: =B34 -> 45013 | B34: =B33+1 -> 45013 | F34: FALSE | G34: FALSE | H34: FALSE
A35: Week 5
A36: =B36 -> 45014 | B36: =B34+1 -> 45014 | F36: FALSE | G36: FALSE | H36: FALSE
A37: =B37 -> 45015 | B37: =B36+1 -> 45015 | F37: FALSE | G37: FALSE | H37: FALSE
A38: =B38 -> 45016 | B38: =B37+1 -> 45016 | F38: FALSE | G38: FALSE | H38: FALSE

Sheet Month 3
A1: =EDATE('Month 1'!A1,2) -> 45017
A2: Day | B2: Date | C2: Time | D2: Topic | E2: Copy | F2: Pinterest | G2: Facebook | H2: Instagram | I2: Links | J2: Notes | K2: Images | L2: Hashtags
A3: Week 1
A4: =B4 -> 45017 | B4: =A1 -> 45017 | F4: FALSE | G4: FALSE | H4: FALSE
A5: =B5 -> 45018 | B5: =B4+1 -> 45018 | F5: FALSE | G5: FALSE | H5: FALSE
A6: =B6 -> 45019 | B6: =B5+1 -> 45019 | F6: FALSE | G6: FALSE | H6: FALSE
A7: =B7 -> 45020 | B7: =B6+1 -> 45020 | F7: FALSE | G7: FALSE | H7: FALSE
A8: =B8 -> 45021 | B8: =B7+1 -> 45021 | F8: FALSE | G8: FALSE | H8: FALSE
A9: =B9 -> 45022 | B9: =B8+1 -> 45022 | F9: FALSE | G9: FALSE | H9: FALSE
A10: =B10 -> 45023 | B10: =B9+1 -> 45023 | F10: FALSE | G10: FALSE | H10: FALSE
A11: Week 2
A12: =B12 -> 45024 | B12: =B10+1 -> 45024 | F12: FALSE | G12: FALSE | H12: FALSE
A13: =B13 -> 45025 | B13: =B12+1 -> 45025 | F13: FALSE | G13: FALSE | H13: FALSE
A14: =B14 -> 45026 | B14: =B13+1 -> 45026 | F14: FALSE | G14: FALSE | H14: FALSE
A15: =B15 -> 45027 | B15: =B14+1 -> 45027 | F15: FALSE | G15: FALSE | H15: FALSE
A16: =B16 -> 45028 | B16: =B15+1 -> 45028 | F16: FALSE | G16: FALSE | H16: FALSE
A17: =B17 -> 45029 | B17: =B16+1 -> 45029 | F17: FALSE | G17: FALSE | H17: FALSE
A18: =B18 -> 45030 | B18: =B17+1 -> 45030 | F18: FALSE | G18: FALSE | H18: FALSE
A19: Week 3
A20: =B20 -> 45031 | B20: =B18+1 -> 45031 | F20: FALSE | G20: FALSE | H20: FALSE
A21: =B21 -> 45032 | B21: =B20+1 -> 45032 | F21: FALSE | G21: FALSE | H21: FALSE
A22: =B22 -> 45033 | B22: =B21+1 -> 45033 | F22: FALSE | G22: FALSE | H22: FALSE
A23: =B23 -> 45034 | B23: =B22+1 -> 45034 | F23: FALSE | G23: FALSE | H23: FALSE
A24: =B24 -> 45035 | B24: =B23+1 -> 45035 | F24: FALSE | G24: FALSE | H24: FALSE
A25: =B25 -> 45036 | B25: =B24+1 -> 45036 | F25: FALSE | G25: FALSE | H25: FALSE
A26: =B26 -> 45037 | B26: =B25+1 -> 45037 | F26: FALSE | G26: FALSE | H26: FALSE
A27: Week 4
A28: =B28 -> 45038 | B28: =B26+1 -> 45038 | F28: FALSE | G28: FALSE | H28: FALSE
A29: =B29 -> 45039 | B29: =B28+1 -> 45039 | F29: FALSE | G29: FALSE | H29: FALSE
A30: =B30 -> 45040 | B30: =B29+1 -> 45040 | F30: FALSE | G30: FALSE | H30: FALSE
A31: =B31 -> 45041 | B31: =B30+1 -> 45041 | F31: FALSE | G31: FALSE | H31: FALSE
A32: =B32 -> 45042 | B32: =B31+1 -> 45042 | F32: FALSE | G32: FALSE | H32: FALSE
A33: =B33 -> 45043 | B33: =B32+1 -> 45043 | F33: FALSE | G33: FALSE | H33: FALSE
A34: =B34 -> 45044 | B34: =B33+1 -> 45044 | F34: FALSE | G34: FALSE | H34: FALSE
A35: Week 5
A36: =B36 -> 45045 | B36: =B34+1 -> 45045 | F36: FALSE | G36: FALSE | H36: FALSE
A37: =B37 -> 45046 | B37: =B36+1 -> 45046 | F37: FALSE | G37: FALSE | H37: FALSE
A38: =B38 -> 45047 | B38: =B37+1 -> 45047 | F38: FALSE | G38: FALSE | H38: FALSE

Sheet Month 4
A1: =EDATE('Month 1'!A1,3) -> 45047
A2: Day | B2: Date | C2: Time | D2: Topic | E2: Copy | F2: Pinterest | G2: Facebook | H2: Instagram | I2: Links | J2: Notes | K2: Images | L2: Hashtags
A3: Week 1
A4: =B4 -> 45047 | B4: =A1 -> 45047 | F4: FALSE | G4: FALSE | H4: FALSE
A5: =B5 -> 45048 | B5: =B4+1 -> 45048 | F5: FALSE | G5: FALSE | H5: FALSE
A6: =B6 -> 45049 | B6: =B5+1 -> 45049 | F6: FALSE | G6: FALSE | H6: FALSE
A7: =B7 -> 45050 | B7: =B6+1 -> 45050 | F7: FALSE | G7: FALSE | H7: FALSE
A8: =B8 -> 45051 | B8: =B7+1 -> 45051 | F8: FALSE | G8: FALSE | H8: FALSE
A9: =B9 -> 45052 | B9: =B8+1 -> 45052 | F9: FALSE | G9: FALSE | H9: FALSE
A10: =B10 -> 45053 | B10: =B9+1 -> 45053 | F10: FALSE | G10: FALSE | H10: FALSE
A11: Week 2
A12: =B12 -> 45054 | B12: =B10+1 -> 45054 | F12: FALSE | G12: FALSE | H12: FALSE
A13: =B13 -> 45055 | B13: =B12+1 -> 45055 | F13: FALSE | G13: FALSE | H13: FALSE
A14: =B14 -> 45056 | B14: =B13+1 -> 45056 | F14: FALSE | G14: FALSE | H14: FALSE
A15: =B15 -> 45057 | B15: =B14+1 -> 45057 | F15: FALSE | G15: FALSE | H15: FALSE
A16: =B16 -> 45058 | B16: =B15+1 -> 45058 | F16: FALSE | G16: FALSE | H16: FALSE
A17: =B17 -> 45059 | B17: =B16+1 -> 45059 | F17: FALSE | G17: FALSE | H17: FALSE
A18: =B18 -> 45060 | B18: =B17+1 -> 45060 | F18: FALSE | G18: FALSE | H18: FALSE
A19: Week 3
A20: =B20 -> 45061 | B20: =B18+1 -> 45061 | F20: FALSE | G20: FALSE | H20: FALSE
A21: =B21 -> 45062 | B21: =B20+1 -> 45062 | F21: FALSE | G21: FALSE | H21: FALSE
A22: =B22 -> 45063 | B22: =B21+1 -> 45063 | F22: FALSE | G22: FALSE | H22: FALSE
A23: =B23 -> 45064 | B23: =B22+1 -> 45064 | F23: FALSE | G23: FALSE | H23: FALSE
A24: =B24 -> 45065 | B24: =B23+1 -> 45065 | F24: FALSE | G24: FALSE | H24: FALSE
A25: =B25 -> 45066 | B25: =B24+1 -> 45066 | F25: FALSE | G25: FALSE | H25: FALSE
A26: =B26 -> 45067 | B26: =B25+1 -> 45067 | F26: FALSE | G26: FALSE | H26: FALSE
A27: Week 4
A28: =B28 -> 45068 | B28: =B26+1 -> 45068 | F28: FALSE | G28: FALSE | H28: FALSE
A29: =B29 -> 45069 | B29: =B28+1 -> 45069 | F29: FALSE | G29: FALSE | H29: FALSE
A30: =B30 -> 45070 | B30: =B29+1 -> 45070 | F30: FALSE | G30: FALSE | H30: FALSE
A31: =B31 -> 45071 | B31: =B30+1 -> 45071 | F31: FALSE | G31: FALSE | H31: FALSE
A32: =B32 -> 45072 | B32: =B31+1 -> 45072 | F32: FALSE | G32: FALSE | H32: FALSE
A33: =B33 -> 45073 | B33: =B32+1 -> 45073 | F33: FALSE | G33: FALSE | H33: FALSE
A34: =B34 -> 45074 | B34: =B33+1 -> 45074 | F34: FALSE | G34: FALSE | H34: FALSE
A35: Week 5
A36: =B36 -> 45075 | B36: =B34+1 -> 45075 | F36: FALSE | G36: FALSE | H36: FALSE
A37: =B37 -> 45076 | B37: =B36+1 -> 45076 | F37: FALSE | G37: FALSE | H37: FALSE
A38: =B38 -> 45077 | B38: =B37+1 -> 45077 | F38: FALSE | G38: FALSE | H38: FALSE

Sheet Month 5
A1: =EDATE('Month 1'!A1,4) -> 45078
A2: Day | B2: Date | C2: Time | D2: Topic | E2: Copy | F2: Pinterest | G2: Facebook | H2: Instagram | I2: Links | J2: Notes | K2: Images | L2: Hashtags
A3: Week 1
A4: =B4 -> 45078 | B4: =A1 -> 45078 | F4: FALSE | G4: FALSE | H4: FALSE
A5: =B5 -> 45079 | B5: =B4+1 -> 45079 | F5: FALSE | G5: FALSE | H5: FALSE
A6: =B6 -> 45080 | B6: =B5+1 -> 45080 | F6: FALSE | G6: FALSE | H6: FALSE
A7: =B7 -> 45081 | B7: =B6+1 -> 45081 | F7: FALSE | G7: FALSE | H7: FALSE
A8: =B8 -> 45082 | B8: =B7+1 -> 45082 | F8: FALSE | G8: FALSE | H8: FALSE
A9: =B9 -> 45083 | B9: =B8+1 -> 45083 | F9: FALSE | G9: FALSE | H9: FALSE
A10: =B10 -> 45084 | B10: =B9+1 -> 45084 | F10: FALSE | G10: FALSE | H10: FALSE
A11: Week 2
A12: =B12 -> 45085 | B12: =B10+1 -> 45085 | F12: FALSE | G12: FALSE | H12: FALSE
A13: =B13 -> 45086 | B13: =B12+1 -> 45086 | F13: FALSE | G13: FALSE | H13: FALSE
A14: =B14 -> 45087 | B14: =B13+1 -> 45087 | F14: FALSE | G14: FALSE | H14: FALSE
A15: =B15 -> 45088 | B15: =B14+1 -> 45088 | F15: FALSE | G15: FALSE | H15: FALSE
A16: =B16 -> 45089 | B16: =B15+1 -> 45089 | F16: FALSE | G16: FALSE | H16: FALSE
A17: =B17 -> 45090 | B17: =B16+1 -> 45090 | F17: FALSE | G17: FALSE | H17: FALSE
A18: =B18 -> 45091 | B18: =B17+1 -> 45091 | F18: FALSE | G18: FALSE | H18: FALSE
A19: Week 3
A20: =B20 -> 45092 | B20: =B18+1 -> 45092 | F20: FALSE | G20: FALSE | H20: FALSE
A21: =B21 -> 45093 | B21: =B20+1 -> 45093 | F21: FALSE | G21: FALSE | H21: FALSE
A22: =B22 -> 45094 | B22: =B21+1 -> 45094 | F22: FALSE | G22: FALSE | H22: FALSE
A23: =B23 -> 45095 | B23: =B22+1 -> 45095 | F23: FALSE | G23: FALSE | H23: FALSE
A24: =B24 -> 45096 | B24: =B23+1 -> 45096 | F24: FALSE | G24: FALSE | H24: FALSE
A25: =B25 -> 45097 | B25: =B24+1 -> 45097 | F25: FALSE | G25: FALSE | H25: FALSE
A26: =B26 -> 45098 | B26: =B25+1 -> 45098 | F26: FALSE | G26: FALSE | H26: FALSE
A27: Week 4
A28: =B28 -> 45099 | B28: =B26+1 -> 45099 | F28: FALSE | G28: FALSE | H28: FALSE
A29: =B29 -> 45100 | B29: =B28+1 -> 45100 | F29: FALSE | G29: FALSE | H29: FALSE
A30: =B30 -> 45101 | B30: =B29+1 -> 45101 | F30: FALSE | G30: FALSE | H30: FALSE
A31: =B31 -> 45102 | B31: =B30+1 -> 45102 | F31: FALSE | G31: FALSE | H31: FALSE
A32: =B32 -> 45103 | B32: =B31+1 -> 45103 | F32: FALSE | G32: FALSE | H32: FALSE
A33: =B33 -> 45104 | B33: =B32+1 -> 45104 | F33: FALSE | G33: FALSE | H33: FALSE
A34: =B34 -> 45105 | B34: =B33+1 -> 45105 | F34: FALSE | G34: FALSE | H34: FALSE
A35: Week 5
A36: =B36 -> 45106 | B36: =B34+1 -> 45106 | F36: FALSE | G36: FALSE | H36: FALSE
A37: =B37 -> 45107 | B37: =B36+1 -> 45107 | F37: FALSE | G37: FALSE | H37: FALSE
A38: =B38 -> 45108 | B38: =B37+1 -> 45108 | F38: FALSE | G38: FALSE | H38: FALSE

Sheet Month 6
A1: =EDATE('Month 1'!A1,5) -> 45108
A2: Day | B2: Date | C2: Time | D2: Topic | E2: Copy | F2: Pinterest | G2: Facebook | H2: Instagram | I2: Links | J2: Notes | K2: Images | L2: Hashtags
A3: Week 1
A4: =B4 -> 45108 | B4: =A1 -> 45108 | F4: FALSE | G4: FALSE | H4: FALSE
A5: =B5 -> 45109 | B5: =B4+1 -> 45109 | F5: FALSE | G5: FALSE | H5: FALSE
A6: =B6 -> 45110 | B6: =B5+1 -> 45110 | F6: FALSE | G6: FALSE | H6: FALSE
A7: =B7 -> 45111 | B7: =B6+1 -> 45111 | F7: FALSE | G7: FALSE | H7: FALSE
A8: =B8 -> 45112 | B8: =B7+1 -> 45112 | F8: FALSE | G8: FALSE | H8: FALSE
A9: =B9 -> 45113 | B9: =B8+1 -> 45113 | F9: FALSE | G9: FALSE | H9: FALSE
A10: =B10 -> 45114 | B10: =B9+1 -> 45114 | F10: FALSE | G10: FALSE | H10: FALSE
A11: Week 2
A12: =B12 -> 45115 | B12: =B10+1 -> 45115 | F12: FALSE | G12: FALSE | H12: FALSE
A13: =B13 -> 45116 | B13: =B12+1 -> 45116 | F13: FALSE | G13: FALSE | H13: FALSE
A14: =B14 -> 45117 | B14: =B13+1 -> 45117 | F14: FALSE | G14: FALSE | H14: FALSE
A15: =B15 -> 45118 | B15: =B14+1 -> 45118 | F15: FALSE | G15: FALSE | H15: FALSE
A16: =B16 -> 45119 | B16: =B15+1 -> 45119 | F16: FALSE | G16: FALSE | H16: FALSE
A17: =B17 -> 45120 | B17: =B16+1 -> 45120 | F17: FALSE | G17: FALSE | H17: FALSE
A18: =B18 -> 45121 | B18: =B17+1 -> 45121 | F18: FALSE | G18: FALSE | H18: FALSE
A19: Week 3
A20: =B20 -> 45122 | B20: =B18+1 -> 45122 | F20: FALSE | G20: FALSE | H20: FALSE
A21: =B21 -> 45123 | B21: =B20+1 -> 45123 | F21: FALSE | G21: FALSE | H21: FALSE
A22: =B22 -> 45124 | B22: =B21+1 -> 45124 | F22: FALSE | G22: FALSE | H22: FALSE
A23: =B23 -> 45125 | B23: =B22+1 -> 45125 | F23: FALSE | G23: FALSE | H23: FALSE
A24: =B24 -> 45126 | B24: =B23+1 -> 45126 | F24: FALSE | G24: FALSE | H24: FALSE
A25: =B25 -> 45127 | B25: =B24+1 -> 45127 | F25: FALSE | G25: FALSE | H25: FALSE
A26: =B26 -> 45128 | B26: =B25+1 -> 45128 | F26: FALSE | G26: FALSE | H26: FALSE
A27: Week 4
A28: =B28 -> 45129 | B28: =B26+1 -> 45129 | F28: FALSE | G28: FALSE | H28: FALSE
A29: =B29 -> 45130 | B29: =B28+1 -> 45130 | F29: FALSE | G29: FALSE | H29: FALSE
A30: =B30 -> 45131 | B30: =B29+1 -> 45131 | F30: FALSE | G30: FALSE | H30: FALSE
A31: =B31 -> 45132 | B31: =B30+1 -> 45132 | F31: FALSE | G31: FALSE | H31: FALSE
A32: =B32 -> 45133 | B32: =B31+1 -> 45133 | F32: FALSE | G32: FALSE | H32: FALSE
A33: =B33 -> 45134 | B33: =B32+1 -> 45134 | F33: FALSE | G33: FALSE | H33: FALSE
A34: =B34 -> 45135 | B34: =B33+1 -> 45135 | F34: FALSE | G34: FALSE | H34: FALSE
A35: Week 5
A36: =B36 -> 45136 | B36: =B34+1 -> 45136 | F36: FALSE | G36: FALSE | H36: FALSE
A37: =B37 -> 45137 | B37: =B36+1 -> 45137 | F37: FALSE | G37: FALSE | H37: FALSE
A38: =B38 -> 45138 | B38: =B37+1 -> 45138 | F38: FALSE | G38: FALSE | H38: FALSE

Sheet Month 7
A1: =EDATE('Month 1'!A1,6) -> 45139
A2: Day | B2: Date | C2: Time | D2: Topic | E2: Copy | F2: Pinterest | G2: Facebook | H2: Instagram | I2: Links | J2: Notes | K2: Images | L2: Hashtags
A3: Week 1
A4: =B4 -> 45139 | B4: =A1 -> 45139 | F4: FALSE | G4: FALSE | H4: FALSE
A5: =B5 -> 45140 | B5: =B4+1 -> 45140 | F5: FALSE | G5: FALSE | H5: FALSE
A6: =B6 -> 45141 | B6: =B5+1 -> 45141 | F6: FALSE | G6: FALSE | H6: FALSE
A7: =B7 -> 45142 | B7: =B6+1 -> 45142 | F7: FALSE | G7: FALSE | H7: FALSE
A8: =B8 -> 45143 | B8: =B7+1 -> 45143 | F8: FALSE | G8: FALSE | H8: FALSE
A9: =B9 -> 45144 | B9: =B8+1 -> 45144 | F9: FALSE | G9: FALSE | H9: FALSE
A10: =B10 -> 45145 | B10: =B9+1 -> 45145 | F10: FALSE | G10: FALSE | H10: FALSE
A11: Week 2
A12: =B12 -> 45146 | B12: =B10+1 -> 45146 | F12: FALSE | G12: FALSE | H12: FALSE
A13: =B13 -> 45147 | B13: =B12+1 -> 45147 | F13: FALSE | G13: FALSE | H13: FALSE
A14: =B14 -> 45148 | B14: =B13+1 -> 45148 | F14: FALSE | G14: FALSE | H14: FALSE
A15: =B15 -> 45149 | B15: =B14+1 -> 45149 | F15: FALSE | G15: FALSE | H15: FALSE
A16: =B16 -> 45150 | B16: =B15+1 -> 45150 | F16: FALSE | G16: FALSE | H16: FALSE
A17: =B17 -> 45151 | B17: =B16+1 -> 45151 | F17: FALSE | G17: FALSE | H17: FALSE
A18: =B18 -> 45152 | B18: =B17+1 -> 45152 | F18: FALSE | G18: FALSE | H18: FALSE
A19: Week 3
A20: =B20 -> 45153 | B20: =B18+1 -> 45153 | F20: FALSE | G20: FALSE | H20: FALSE
A21: =B21 -> 45154 | B21: =B20+1 -> 45154 | F21: FALSE | G21: FALSE | H21: FALSE
A22: =B22 -> 45155 | B22: =B21+1 -> 45155 | F22: FALSE | G22: FALSE | H22: FALSE
A23: =B23 -> 45156 | B23: =B22+1 -> 45156 | F23: FALSE | G23: FALSE | H23: FALSE
A24: =B24 -> 45157 | B24: =B23+1 -> 45157 | F24: FALSE | G24: FALSE | H24: FALSE
A25: =B25 -> 45158 | B25: =B24+1 -> 45158 | F25: FALSE | G25: FALSE | H25: FALSE
A26: =B26 -> 45159 | B26: =B25+1 -> 45159 | F26: FALSE | G26: FALSE | H26: FALSE
A27: Week 4
A28: =B28 -> 45160 | B28: =B26+1 -> 45160 | F28: FALSE | G28: FALSE | H28: FALSE
A29: =B29 -> 45161 | B29: =B28+1 -> 45161 | F29: FALSE | G29: FALSE | H29: FALSE
A30: =B30 -> 45162 | B30: =B29+1 -> 45162 | F30: FALSE | G30: FALSE | H30: FALSE
A31: =B31 -> 45163 | B31: =B30+1 -> 45163 | F31: FALSE | G31: FALSE | H31: FALSE
A32: =B32 -> 45164 | B32: =B31+1 -> 45164 | F32: FALSE | G32: FALSE | H32: FALSE
A33: =B33 -> 45165 | B33: =B32+1 -> 45165 | F33: FALSE | G33: FALSE | H33: FALSE
A34: =B34 -> 45166 | B34: =B33+1 -> 45166 | F34: FALSE | G34: FALSE | H34: FALSE
A35: Week 5
A36: =B36 -> 45167 | B36: =B34+1 -> 45167 | F36: FALSE | G36: FALSE | H36: FALSE
A37: =B37 -> 45168 | B37: =B36+1 -> 45168 | F37: FALSE | G37: FALSE | H37: FALSE
A38: =B38 -> 45169 | B38: =B37+1 -> 45169 | F38: FALSE | G38: FALSE | H38: FALSE

Sheet Month 8
A1: =EDATE('Month 1'!A1,7) -> 45170
A2: Day | B2: Date | C2: Time | D2: Topic | E2: Copy | F2: Pinterest | G2: Facebook | H2: Instagram | I2: Links | J2: Notes | K2: Images | L2: Hashtags
A3: Week 1
A4: =B4 -> 45170 | B4: =A1 -> 45170 | F4: FALSE | G4: FALSE | H4: FALSE
A5: =B5 -> 45171 | B5: =B4+1 -> 45171 | F5: FALSE | G5: FALSE | H5: FALSE
A6: =B6 -> 45172 | B6: =B5+1 -> 45172 | F6: FALSE | G6: FALSE | H6: FALSE
A7: =B7 -> 45173 | B7: =B6+1 -> 45173 | F7: FALSE | G7: FALSE | H7: FALSE
A8: =B8 -> 45174 | B8: =B7+1 -> 45174 | F8: FALSE | G8: FALSE | H8: FALSE
A9: =B9 -> 45175 | B9: =B8+1 -> 45175 | F9: FALSE | G9: FALSE | H9: FALSE
A10: =B10 -> 45176 | B10: =B9+1 -> 45176 | F10: FALSE | G10: FALSE | H10: FALSE
A11: Week 2
A12: =B12 -> 45177 | B12: =B10+1 -> 45177 | F12: FALSE | G12: FALSE | H12: FALSE
A13: =B13 -> 45178 | B13: =B12+1 -> 45178 | F13: FALSE | G13: FALSE | H13: FALSE
A14: =B14 -> 45179 | B14: =B13+1 -> 45179 | F14: FALSE | G14: FALSE | H14: FALSE
A15: =B15 -> 45180 | B15: =B14+1 -> 45180 | F15: FALSE | G15: FALSE | H15: FALSE
A16: =B16 -> 45181 | B16: =B15+1 -> 45181 | F16: FALSE | G16: FALSE | H16: FALSE
A17: =B17 -> 45182 | B17: =B16+1 -> 45182 | F17: FALSE | G17: FALSE | H17: FALSE
A18: =B18 -> 45183 | B18: =B17+1 -> 45183 | F18: FALSE | G18: FALSE | H18: FALSE
A19: Week 3
A20: =B20 -> 45184 | B20: =B18+1 -> 45184 | F20: FALSE | G20: FALSE | H20: FALSE
A21: =B21 -> 45185 | B21: =B20+1 -> 45185 | F21: FALSE | G21: FALSE | H21: FALSE
A22: =B22 -> 45186 | B22: =B21+1 -> 45186 | F22: FALSE | G22: FALSE | H22: FALSE
A23: =B23 -> 45187 | B23: =B22+1 -> 45187 | F23: FALSE | G23: FALSE | H23: FALSE
A24: =B24 -> 45188 | B24: =B23+1 -> 45188 | F24: FALSE | G24: FALSE | H24: FALSE
A25: =B25 -> 45189 | B25: =B24+1 -> 45189 | F25: FALSE | G25: FALSE | H25: FALSE
A26: =B26 -> 45190 | B26: =B25+1 -> 45190 | F26: FALSE | G26: FALSE | H26: FALSE
A27: Week 4
A28: =B28 -> 45191 | B28: =B26+1 -> 45191 | F28: FALSE | G28: FALSE | H28: FALSE
A29: =B29 -> 45192 | B29: =B28+1 -> 45192 | F29: FALSE | G29: FALSE | H29: FALSE
A30: =B30 -> 45193 | B30: =B29+1 -> 45193 | F30: FALSE | G30: FALSE | H30: FALSE
A31: =B31 -> 45194 | B31: =B30+1 -> 45194 | F31: FALSE | G31: FALSE | H31: FALSE
A32: =B32 -> 45195 | B32: =B31+1 -> 45195 | F32: FALSE | G32: FALSE | H32: FALSE
A33: =B33 -> 45196 | B33: =B32+1 -> 45196 | F33: FALSE | G33: FALSE | H33: FALSE
A34: =B34 -> 45197 | B34: =B33+1 -> 45197 | F34: FALSE | G34: FALSE | H34: FALSE
A35: Week 5
A36: =B36 -> 45198 | B36: =B34+1 -> 45198 | F36: FALSE | G36: FALSE | H36: FALSE
A37: =B37 -> 45199 | B37: =B36+1 -> 45199 | F37: FALSE | G37: FALSE | H37: FALSE
A38: =B38 -> 45200 | B38: =B37+1 -> 45200 | F38: FALSE | G38: FALSE | H38: FALSE

Sheet Month 9
A1: =EDATE('Month 1'!A1,8) -> 45200
A2: Day | B2: Date | C2: Time | D2: Topic | E2: Copy | F2: Pinterest | G2: Facebook | H2: Instagram | I2: Links | J2: Notes | K2: Images | L2: Hashtags
A3: Week 1
A4: =B4 -> 45200 | B4: =A1 -> 45200 | F4: FALSE | G4: FALSE | H4: FALSE
A5: =B5 -> 45201 | B5: =B4+1 -> 45201 | F5: FALSE | G5: FALSE | H5: FALSE
A6: =B6 -> 45202 | B6: =B5+1 -> 45202 | F6: FALSE | G6: FALSE | H6: FALSE
A7: =B7 -> 45203 | B7: =B6+1 -> 45203 | F7: FALSE | G7: FALSE | H7: FALSE
A8: =B8 -> 45204 | B8: =B7+1 -> 45204 | F8: FALSE | G8: FALSE | H8: FALSE
A9: =B9 -> 45205 | B9: =B8+1 -> 45205 | F9: FALSE | G9: FALSE | H9: FALSE
A10: =B10 -> 45206 | B10: =B9+1 -> 45206 | F10: FALSE | G10: FALSE | H10: FALSE
A11: Week 2
A12: =B12 -> 45207 | B12: =B10+1 -> 45207 | F12: FALSE | G12: FALSE | H12: FALSE
A13: =B13 -> 45208 | B13: =B12+1 -> 45208 | F13: FALSE | G13: FALSE | H13: FALSE
A14: =B14 -> 45209 | B14: =B13+1 -> 45209 | F14: FALSE | G14: FALSE | H14: FALSE
A15: =B15 -> 45210 | B15: =B14+1 -> 45210 | F15: FALSE | G15: FALSE | H15: FALSE
A16: =B16 -> 45211 | B16: =B15+1 -> 45211 | F16: FALSE | G16: FALSE | H16: FALSE
A17: =B17 -> 45212 | B17: =B16+1 -> 45212 | F17: FALSE | G17: FALSE | H17: FALSE
A18: =B18 -> 45213 | B18: =B17+1 -> 45213 | F18: FALSE | G18: FALSE | H18: FALSE
A19: Week 3
A20: =B20 -> 45214 | B20: =B18+1 -> 45214 | F20: FALSE | G20: FALSE | H20: FALSE
A21: =B21 -> 45215 | B21: =B20+1 -> 45215 | F21: FALSE | G21: FALSE | H21: FALSE
A22: =B22 -> 45216 | B22: =B21+1 -> 45216 | F22: FALSE | G22: FALSE | H22: FALSE
A23: =B23 -> 45217 | B23: =B22+1 -> 45217 | F23: FALSE | G23: FALSE | H23: FALSE
A24: =B24 -> 45218 | B24: =B23+1 -> 45218 | F24: FALSE | G24: FALSE | H24: FALSE
A25: =B25 -> 45219 | B25: =B24+1 -> 45219 | F25: FALSE | G25: FALSE | H25: FALSE
A26: =B26 -> 45220 | B26: =B25+1 -> 45220 | F26: FALSE | G26: FALSE | H26: FALSE
A27: Week 4
A28: =B28 -> 45221 | B28: =B26+1 -> 45221 | F28: FALSE | G28: FALSE | H28: FALSE
A29: =B29 -> 45222 | B29: =B28+1 -> 45222 | F29: FALSE | G29: FALSE | H29: FALSE
A30: =B30 -> 45223 | B30: =B29+1 -> 45223 | F30: FALSE | G30: FALSE | H30: FALSE
A31: =B31 -> 45224 | B31: =B30+1 -> 45224 | F31: FALSE | G31: FALSE | H31: FALSE
A32: =B32 -> 45225 | B32: =B31+1 -> 45225 | F32: FALSE | G32: FALSE | H32: FALSE
A33: =B33 -> 45226 | B33: =B32+1 -> 45226 | F33: FALSE | G33: FALSE | H33: FALSE
A34: =B34 -> 45227 | B34: =B33+1 -> 45227 | F34: FALSE | G34: FALSE | H34: FALSE
A35: Week 5
A36: =B36 -> 45228 | B36: =B34+1 -> 45228 | F36: FALSE | G36: FALSE | H36: FALSE
A37: =B37 -> 45229 | B37: =B36+1 -> 45229 | F37: FALSE | G37: FALSE | H37: FALSE
A38: =B38 -> 45230 | B38: =B37+1 -> 45230 | F38: FALSE | G38: FALSE | H38: FALSE

Sheet Month 10
A1: =EDATE('Month 1'!A1,9) -> 45231
A2: Day | B2: Date | C2: Time | D2: Topic | E2: Copy | F2: Pinterest | G2: Facebook | H2: Instagram | I2: Links | J2: Notes | K2: Images | L2: Hashtags
A3: Week 1
A4: =B4 -> 45231 | B4: =A1 -> 45231 | F4: FALSE | G4: FALSE | H4: FALSE
A5: =B5 -> 45232 | B5: =B4+1 -> 45232 | F5: FALSE | G5: FALSE | H5: FALSE
A6: =B6 -> 45233 | B6: =B5+1 -> 45233 | F6: FALSE | G6: FALSE | H6: FALSE
A7: =B7 -> 45234 | B7: =B6+1 -> 45234 | F7: FALSE | G7: FALSE | H7: FALSE
A8: =B8 -> 45235 | B8: =B7+1 -> 45235 | F8: FALSE | G8: FALSE | H8: FALSE
A9: =B9 -> 45236 | B9: =B8+1 -> 45236 | F9: FALSE | G9: FALSE | H9: FALSE
A10: =B10 -> 45237 | B10: =B9+1 -> 45237 | F10: FALSE | G10: FALSE | H10: FALSE
A11: Week 2
A12: =B12 -> 45238 | B12: =B10+1 -> 45238 | F12: FALSE | G12: FALSE | H12: FALSE
A13: =B13 -> 45239 | B13: =B12+1 -> 45239 | F13: FALSE | G13: FALSE | H13: FALSE
A14: =B14 -> 45240 | B14: =B13+1 -> 45240 | F14: FALSE | G14: FALSE | H14: FALSE
A15: =B15 -> 45241 | B15: =B14+1 -> 45241 | F15: FALSE | G15: FALSE | H15: FALSE
A16: =B16 -> 45242 | B16: =B15+1 -> 45242 | F16: FALSE | G16: FALSE | H16: FALSE
A17: =B17 -> 45243 | B17: =B16+1 -> 45243 | F17: FALSE | G17: FALSE | H17: FALSE
A18: =B18 -> 45244 | B18: =B17+1 -> 45244 | F18: FALSE | G18: FALSE | H18: FALSE
A19: Week 3
A20: =B20 -> 45245 | B20: =B18+1 -> 45245 | F20: FALSE | G20: FALSE | H20: FALSE
A21: =B21 -> 45246 | B21: =B20+1 -> 45246 | F21: FALSE | G21: FALSE | H21: FALSE
A22: =B22 -> 45247 | B22: =B21+1 -> 45247 | F22: FALSE | G22: FALSE | H22: FALSE
A23: =B23 -> 45248 | B23: =B22+1 -> 45248 | F23: FALSE | G23: FALSE | H23: FALSE
A24: =B24 -> 45249 | B24: =B23+1 -> 45249 | F24: FALSE | G24: FALSE | H24: FALSE
A25: =B25 -> 45250 | B25: =B24+1 -> 45250 | F25: FALSE | G25: FALSE | H25: FALSE
A26: =B26 -> 45251 | B26: =B25+1 -> 45251 | F26: FALSE | G26: FALSE | H26: FALSE
A27: Week 4
A28: =B28 -> 45252 | B28: =B26+1 -> 45252 | F28: FALSE | G28: FALSE | H28: FALSE
A29: =B29 -> 45253 | B29: =B28+1 -> 45253 | F29: FALSE | G29: FALSE | H29: FALSE
A30: =B30 -> 45254 | B30: =B29+1 -> 45254 | F30: FALSE | G30: FALSE | H30: FALSE
A31: =B31 -> 45255 | B31: =B30+1 -> 45255 | F31: FALSE | G31: FALSE | H31: FALSE
A32: =B32 -> 45256 | B32: =B31+1 -> 45256 | F32: FALSE | G32: FALSE | H32: FALSE
A33: =B33 -> 45257 | B33: =B32+1 -> 45257 | F33: FALSE | G33: FALSE | H33: FALSE
A34: =B34 -> 45258 | B34: =B33+1 -> 45258 | F34: FALSE | G34: FALSE | H34: FALSE
A35: Week 5
A36: =B36 -> 45259 | B36: =B34+1 -> 45259 | F36: FALSE | G36: FALSE | H36: FALSE
A37: =B37 -> 45260 | B37: =B36+1 -> 45260 | F37: FALSE | G37: FALSE | H37: FALSE
A38: =B38 -> 45261 | B38: =B37+1 -> 45261 | F38: FALSE | G38: FALSE | H38: FALSE

Sheet Month 11
A1: =EDATE('Month 1'!A1,10) -> 45261
A2: Day | B2: Date | C2: Time | D2: Topic | E2: Copy | F2: Pinterest | G2: Facebook | H2: Instagram | I2: Links | J2: Notes | K2: Images | L2: Hashtags
A3: Week 1
A4: =B4 -> 45261 | B4: =A1 -> 45261 | F4: FALSE | G4: FALSE | H4: FALSE
A5: =B5 -> 45262 | B5: =B4+1 -> 45262 | F5: FALSE | G5: FALSE | H5: FALSE
A6: =B6 -> 45263 | B6: =B5+1 -> 45263 | F6: FALSE | G6: FALSE | H6: FALSE
A7: =B7 -> 45264 | B7: =B6+1 -> 45264 | F7: FALSE | G7: FALSE | H7: FALSE
A8: =B8 -> 45265 | B8: =B7+1 -> 45265 | F8: FALSE | G8: FALSE | H8: FALSE
A9: =B9 -> 45266 | B9: =B8+1 -> 45266 | F9: FALSE | G9: FALSE | H9: FALSE
A10: =B10 -> 45267 | B10: =B9+1 -> 45267 | F10: FALSE | G10: FALSE | H10: FALSE
A11: Week 2
A12: =B12 -> 45268 | B12: =B10+1 -> 45268 | F12: FALSE | G12: FALSE | H12: FALSE
A13: =B13 -> 45269 | B13: =B12+1 -> 45269 | F13: FALSE | G13: FALSE | H13: FALSE
A14: =B14 -> 45270 | B14: =B13+1 -> 45270 | F14: FALSE | G14: FALSE | H14: FALSE
A15: =B15 -> 45271 | B15: =B14+1 -> 45271 | F15: FALSE | G15: FALSE | H15: FALSE
A16: =B16 -> 45272 | B16: =B15+1 -> 45272 | F16: FALSE | G16: FALSE | H16: FALSE
A17: =B17 -> 45273 | B17: =B16+1 -> 45273 | F17: FALSE | G17: FALSE | H17: FALSE
A18: =B18 -> 45274 | B18: =B17+1 -> 45274 | F18: FALSE | G18: FALSE | H18: FALSE
A19: Week 3
A20: =B20 -> 45275 | B20: =B18+1 -> 45275 | F20: FALSE | G20: FALSE | H20: FALSE
A21: =B21 -> 45276 | B21: =B20+1 -> 45276 | F21: FALSE | G21: FALSE | H21: FALSE
A22: =B22 -> 45277 | B22: =B21+1 -> 45277 | F22: FALSE | G22: FALSE | H22: FALSE
A23: =B23 -> 45278 | B23: =B22+1 -> 45278 | F23: FALSE | G23: FALSE | H23: FALSE
A24: =B24 -> 45279 | B24: =B23+1 -> 45279 | F24: FALSE | G24: FALSE | H24: FALSE
A25: =B25 -> 45280 | B25: =B24+1 -> 45280 | F25: FALSE | G25: FALSE | H25: FALSE
A26: =B26 -> 45281 | B26: =B25+1 -> 45281 | F26: FALSE | G26: FALSE | H26: FALSE
A27: Week 4
A28: =B28 -> 45282 | B28: =B26+1 -> 45282 | F28: FALSE | G28: FALSE | H28: FALSE
A29: =B29 -> 45283 | B29: =B28+1 -> 45283 | F29: FALSE | G29: FALSE | H29: FALSE
A30: =B30 -> 45284 | B30: =B29+1 -> 45284 | F30: FALSE | G30: FALSE | H30: FALSE
A31: =B31 -> 45285 | B31: =B30+1 -> 45285 | F31: FALSE | G31: FALSE | H31: FALSE
A32: =B32 -> 45286 | B32: =B31+1 -> 45286 | F32: FALSE | G32: FALSE | H32: FALSE
A33: =B33 -> 45287 | B33: =B32+1 -> 45287 | F33: FALSE | G33: FALSE | H33: FALSE
A34: =B34 -> 45288 | B34: =B33+1 -> 45288 | F34: FALSE | G34: FALSE | H34: FALSE
A35: Week 5
A36: =B36 -> 45289 | B36: =B34+1 -> 45289 | F36: FALSE | G36: FALSE | H36: FALSE
A37: =B37 -> 45290 | B37: =B36+1 -> 45290 | F37: FALSE | G37: FALSE | H37: FALSE
A38: =B38 -> 45291 | B38: =B37+1 -> 45291 | F38: FALSE | G38: FALSE | H38: FALSE

Sheet Month 12
A1: =EDATE('Month 1'!A1,11) -> 45292
A2: Day | B2: Date | C2: Time | D2: Topic | E2: Copy | F2: Pinterest | G2: Facebook | H2: Instagram | I2: Links | J2: Notes | K2: Images | L2: Hashtags
A3: Week 1
A4: =B4 -> 45292 | B4: =A1 -> 45292 | F4: FALSE | G4: FALSE | H4: FALSE
A5: =B5 -> 45293 | B5: =B4+1 -> 45293 | F5: FALSE | G5: FALSE | H5: FALSE
A6: =B6 -> 45294 | B6: =B5+1 -> 45294 | F6: FALSE | G6: FALSE | H6: FALSE
A7: =B7 -> 45295 | B7: =B6+1 -> 45295 | F7: FALSE | G7: FALSE | H7: FALSE
A8: =B8 -> 45296 | B8: =B7+1 -> 45296 | F8: FALSE | G8: FALSE | H8: FALSE
A9: =B9 -> 45297 | B9: =B8+1 -> 45297 | F9: FALSE | G9: FALSE | H9: FALSE
A10: =B10 -> 45298 | B10: =B9+1 -> 45298 | F10: FALSE | G10: FALSE | H10: FALSE
A11: Week 2
A12: =B12 -> 45299 | B12: =B10+1 -> 45299 | F12: FALSE | G12: FALSE | H12: FALSE
A13: =B13 -> 45300 | B13: =B12+1 -> 45300 | F13: FALSE | G13: FALSE | H13: FALSE
A14: =B14 -> 45301 | B14: =B13+1 -> 45301 | F14: FALSE | G14: FALSE | H14: FALSE
A15: =B15 -> 45302 | B15: =B14+1 -> 45302 | F15: FALSE | G15: FALSE | H15: FALSE
A16: =B16 -> 45303 | B16: =B15+1 -> 45303 | F16: FALSE | G16: FALSE | H16: FALSE
A17: =B17 -> 45304 | B17: =B16+1 -> 45304 | F17: FALSE | G17: FALSE | H17: FALSE
A18: =B18 -> 45305 | B18: =B17+1 -> 45305 | F18: FALSE | G18: FALSE | H18: FALSE
A19: Week 3
A20: =B20 -> 45306 | B20: =B18+1 -> 45306 | F20: FALSE | G20: FALSE | H20: FALSE
A21: =B21 -> 45307 | B21: =B20+1 -> 45307 | F21: FALSE | G21: FALSE | H21: FALSE
A22: =B22 -> 45308 | B22: =B21+1 -> 45308 | F22: FALSE | G22: FALSE | H22: FALSE
A23: =B23 -> 45309 | B23: =B22+1 -> 45309 | F23: FALSE | G23: FALSE | H23: FALSE
A24: =B24 -> 45310 | B24: =B23+1 -> 45310 | F24: FALSE | G24: FALSE | H24: FALSE
A25: =B25 -> 45311 | B25: =B24+1 -> 45311 | F25: FALSE | G25: FALSE | H25: FALSE
A26: =B26 -> 45312 | B26: =B25+1 -> 45312 | F26: FALSE | G26: FALSE | H26: FALSE
A27: Week 4
A28: =B28 -> 45313 | B28: =B26+1 -> 45313 | F28: FALSE | G28: FALSE | H28: FALSE
A29: =B29 -> 45314 | B29: =B28+1 -> 45314 | F29: FALSE | G29: FALSE | H29: FALSE
A30: =B30 -> 45315 | B30: =B29+1 -> 45315 | F30: FALSE | G30: FALSE | H30: FALSE
A31: =B31 -> 45316 | B31: =B30+1 -> 45316 | F31: FALSE | G31: FALSE | H31: FALSE
A32: =B32 -> 45317 | B32: =B31+1 -> 45317 | F32: FALSE | G32: FALSE | H32: FALSE
A33: =B33 -> 45318 | B33: =B32+1 -> 45318 | F33: FALSE | G33: FALSE | H33: FALSE
A34: =B34 -> 45319 | B34: =B33+1 -> 45319 | F34: FALSE | G34: FALSE | H34: FALSE
A35: Week 5
A36: =B36 -> 45320 | B36: =B34+1 -> 45320 | F36: FALSE | G36: FALSE | H36: FALSE
A37: =B37 -> 45321 | B37: =B36+1 -> 45321 | F37: FALSE | G37: FALSE | H37: FALSE
A38: =B38 -> 45322 | B38: =B37+1 -> 45322 | F38: FALSE | G38: FALSE | H38: FALSE
